epoch,time(s),train_loss,test_loss,test_error(%)
001,00117,1.271014,0.00105,37.49
002,00097,1.004098,0.00083,29.11
003,00097,0.872176,0.00074,26.00
004,00096,0.799265,0.00068,24.32
005,00097,0.717999,0.00062,21.08
